007bbfb7	A0[A27[C0]]
00d62c1b	A0[A1[C4]]
05269061	A0[A37[C3,C0]]
08ed6ac7	A0[A33[C1,C1,C2,C3,C4,C0,C0,C0,C0,C0,C0]]
0d3d703e	A0[A14[C0,C5,C6,C4,C3,C1,C2,C7,C9,C8]]
0dfd9992	A0[A22[C0]]
11852cab	A0[A18[]]
1190e5a7	A0[A25[C0]]
1c786137	A0[A10[]]
1cf80156	A0[A7[]]
1f85a75f	A0[A7[]]
2013d3e2	A0[A12[C3,C3,C2]]
22168020	A0[A16[]]
22eb0ac0	A0[A16[]]
253bf280	A0[A35[C3]]
28bf18c6	A0[A9[],A5[C2,C1]]
29ec7d0e	A0[A22[C0]]
3af2c5a8	A0[A6[]]
3c9b0459	A0[A41[]]
40853293	A0[A16[]]
484b58aa	A0[A22[C0]]
496994bd	A0[A3[]]
4c4377d9	A0[A45[],A6[],A12[C4,C6,C0]]
5582e5ca	A0[A15[C1,C1]]
5614dbcf	A0[A13[C5],A30[C3]]
6150a2bd	A0[A41[]]
623ea044	A0[A39[]]
62c24649	A0[A6[]]
67385a82	A0[A33[C0,C0,C3,C0,C8,C8,C8,C0,C0,C0,C0]]
67a3c6ac	A0[A44[]]
67e8384a	A0[A6[]]
68b16354	A0[A45[]]
6d0aefbc	A0[A6[],A6[],A12[C6,C3,C0]]
6d75e8bb	A0[A36[C2]]
6e82a1ae	A0[A33[C0,C0,C0,C3,C2,C1,C0,C0,C0,C0,C0]]
6fa7a44f	A0[A6[],A6[],A12[C3,C6,C0]]
7468f01a	A0[A9[],A44[]]
74dd1130	A0[A43[]]
7b6016b9	A0[A1[C3],A14[C3,C1,C2,C2,C4,C5,C6,C7,C8,C9]]
810b9b61	A0[A33[C2,C1,C3,C0,C0,C0,C0,C0,C0,C0,C0]]
8be77c9e	A0[A6[],A6[],A12[C3,C6,C2]]
8eb1be9a	A0[A15[C6,C3]]
8f2ea7aa	A0[A9[],A27[C0]]
9172f3a0	A0[A4[C3]]
9dfd6313	A0[A43[]]
9ecd008a	A0[A20[]]
9f236235	A0[A44[],A25[C0]]
a416b8f3	A0[A5[C2,C1]]
a5313dff	A0[A1[C1]]
a740d043	A0[A13[C1],A9[]]
a87f7484	A0[A11[C4]]
aedd82e4	A0[A33[C0,C0,C1,C0,C2,C2,C2,C0,C0,C0,C0]]
b1948b0a	A0[A14[C0,C1,C2,C3,C4,C5,C2,C7,C8,C9]]
be94b721	A0[A7[]]
c3f564a4	A0[A22[C0]]
c59eb873	A0[A4[C2]]
c8f0f002	A0[A14[C0,C1,C2,C3,C4,C5,C6,C5,C8,C9]]
c909285e	A0[A8[]]
c9e6f938	A0[A6[],A6[],A12[C6,C3,C2]]
d037b0a7	A0[A19[C2]]
d10ecb37	A0[A12[C2,C2,C2]]
d511f180	A0[A14[C0,C1,C2,C3,C4,C8,C6,C7,C5,C9]]
d5d6de2d	A0[A1[C3],A14[C0,C1,C0,C3,C4,C5,C6,C7,C8,C9]]
dbc1a6ce	A0[A35[C8]]
dc0a314f	A0[A21[C3]]
ded97339	A0[A16[]]
e3497940	A0[A2[],A24[C0]]
ea32f347	A0[A33[C1,C1,C4,C2,C0,C0,C0,C0,C0,C0,C0]]
ed36ccf7	A0[A42[]]
f25fbde4	A0[A9[],A4[C2]]
f25ffba3	A0[A3[]]
f9012d9b	A0[A23[C0]]
ff805c23	A0[A21[C1]]
